areaCode,areaName,areaType,date,hospitalCases,newAdmissions,newCasesByPublishDate,newPeopleVaccinatedFirstDoseByPublishDate,newPeopleVaccinatedSecondDoseByPublishDate
K02000001,United Kingdom,overview,2022-06-13,5918,,,,
K02000001,United Kingdom,overview,2022-06-12,5654,,,,
K02000001,United Kingdom,overview,2022-06-11,5478,,,,
K02000001,United Kingdom,overview,2022-06-10,5479,710,,,
K02000001,United Kingdom,overview,2022-06-09,5285,751,,,
K02000001,United Kingdom,overview,2022-06-08,5267,771,,4891,5960
K02000001,United Kingdom,overview,2022-06-07,5282,687,,3335,4831
K02000001,United Kingdom,overview,2022-06-06,5260,718,,2828,4844
K02000001,United Kingdom,overview,2022-06-05,5074,623,,2628,3306
K02000001,United Kingdom,overview,2022-06-04,4922,520,,5621,6472
K02000001,United Kingdom,overview,2022-06-03,4967,489,,1033,1177
K02000001,United Kingdom,overview,2022-06-02,4948,518,,2266,2390
K02000001,United Kingdom,overview,2022-06-01,4922,576,,6970,8628
K02000001,United Kingdom,overview,2022-05-31,5171,588,,7650,8775
K02000001,United Kingdom,overview,2022-05-30,5209,560,,6769,8051
K02000001,United Kingdom,overview,2022-05-29,5127,520,,6018,5496
K02000001,United Kingdom,overview,2022-05-28,5175,454,,12568,11504
K02000001,United Kingdom,overview,2022-05-27,5368,523,,5192,6356
K02000001,United Kingdom,overview,2022-05-26,5621,495,,3608,25392
K02000001,United Kingdom,overview,2022-05-25,5752,580,,386,3072
K02000001,United Kingdom,overview,2022-05-24,5899,578,,4746,4867
K02000001,United Kingdom,overview,2022-05-23,6270,592,,3323,4629
K02000001,United Kingdom,overview,2022-05-22,6282,535,,6519,4621
K02000001,United Kingdom,overview,2022-05-21,6330,450,,16176,11054
K02000001,United Kingdom,overview,2022-05-20,6552,525,6338,6503,6514
K02000001,United Kingdom,overview,2022-05-19,6762,649,12208,8931,8074
K02000001,United Kingdom,overview,2022-05-18,6915,711,7791,5365,5956
K02000001,United Kingdom,overview,2022-05-17,7294,665,8603,5431,5921
K02000001,United Kingdom,overview,2022-05-16,7640,689,22337,4774,5601
K02000001,United Kingdom,overview,2022-05-15,7826,631,173,10090,5709
K02000001,United Kingdom,overview,2022-05-14,7842,610,1082,20462,12824
K02000001,United Kingdom,overview,2022-05-13,8183,627,6592,7513,7150
K02000001,United Kingdom,overview,2022-05-12,8489,783,14564,7488,7531
K02000001,United Kingdom,overview,2022-05-11,8950,775,8135,6801,8001
K02000001,United Kingdom,overview,2022-05-10,9347,865,10413,7224,7909
K02000001,United Kingdom,overview,2022-05-09,9668,848,26280,5910,7601
K02000001,United Kingdom,overview,2022-05-08,9752,753,0,10662,7490
K02000001,United Kingdom,overview,2022-05-07,9808,706,0,24460,15741
K02000001,United Kingdom,overview,2022-05-06,10311,817,11076,9588,9434
K02000001,United Kingdom,overview,2022-05-05,10831,868,12487,8238,7997
K02000001,United Kingdom,overview,2022-05-04,11328,1005,16611,9080,8684
K02000001,United Kingdom,overview,2022-05-03,11670,1020,35635,7587,6536
K02000001,United Kingdom,overview,2022-05-02,11777,941,0,5636,2693
K02000001,United Kingdom,overview,2022-05-01,11779,906,0,12021,6142
K02000001,United Kingdom,overview,2022-04-30,11995,826,0,27465,15009
K02000001,United Kingdom,overview,2022-04-29,12532,1004,12421,11491,9533
K02000001,United Kingdom,overview,2022-04-28,13105,1074,14030,11079,9624
K02000001,United Kingdom,overview,2022-04-27,13738,1227,17224,9609,8324
K02000001,United Kingdom,overview,2022-04-26,14169,1251,16579,9541,8424
K02000001,United Kingdom,overview,2022-04-25,14986,1280,45077,8959,7976
K02000001,United Kingdom,overview,2022-04-24,15050,1191,0,15624,8241
K02000001,United Kingdom,overview,2022-04-23,15159,1205,0,31918,16861
K02000001,United Kingdom,overview,2022-04-22,15973,1365,19795,15821,10316
K02000001,United Kingdom,overview,2022-04-21,16507,1435,23456,17230,10706
K02000001,United Kingdom,overview,2022-04-20,17450,1509,26147,14416,10974
K02000001,United Kingdom,overview,2022-04-19,17993,1621,116227,15137,11105
K02000001,United Kingdom,overview,2022-04-18,17540,1665,0,6040,3541
K02000001,United Kingdom,overview,2022-04-17,17639,1490,0,4823,2643
K02000001,United Kingdom,overview,2022-04-16,17808,1449,0,18165,11301
K02000001,United Kingdom,overview,2022-04-15,17887,1642,0,11444,5516
K02000001,United Kingdom,overview,2022-04-14,18591,1898,32608,22841,13397
K02000001,United Kingdom,overview,2022-04-13,19114,2113,35926,19404,12621
K02000001,United Kingdom,overview,2022-04-12,19872,2244,37819,17501,11541
K02000001,United Kingdom,overview,2022-04-11,20173,2110,91201,15946,11969
K02000001,United Kingdom,overview,2022-04-10,19739,1996,0,15276,8900
K02000001,United Kingdom,overview,2022-04-09,19595,1906,0,25179,15933
K02000001,United Kingdom,overview,2022-04-08,20167,1999,41384,12200,11673
K02000001,United Kingdom,overview,2022-04-07,20452,2267,47126,11340,11097
K02000001,United Kingdom,overview,2022-04-06,20545,2438,51253,12369,10590
K02000001,United Kingdom,overview,2022-04-05,20523,2592,50202,11373,9877
K02000001,United Kingdom,overview,2022-04-04,20541,2457,143382,11137,10355
K02000001,United Kingdom,overview,2022-04-03,20086,2303,0,7500,9079
K02000001,United Kingdom,overview,2022-04-02,19730,2083,0,10890,16918
K02000001,United Kingdom,overview,2022-04-01,20071,2144,69811,4992,11708
K02000001,United Kingdom,overview,2022-03-31,19736,2429,74720,5035,12548
K02000001,United Kingdom,overview,2022-03-30,19688,2686,87188,5513,12584
K02000001,United Kingdom,overview,2022-03-29,19548,2562,80830,4865,11424
K02000001,United Kingdom,overview,2022-03-28,19300,2557,215001,4823,10970
K02000001,United Kingdom,overview,2022-03-27,18531,2246,0,7627,8042
K02000001,United Kingdom,overview,2022-03-26,17806,2137,0,10716,18803
K02000001,United Kingdom,overview,2022-03-25,17867,2245,77509,5686,13326
K02000001,United Kingdom,overview,2022-03-24,17616,2358,98204,5094,11725
K02000001,United Kingdom,overview,2022-03-23,17141,2500,102483,0,4283
K02000001,United Kingdom,overview,2022-03-22,16904,2432,94524,4631,11840
K02000001,United Kingdom,overview,2022-03-21,16485,2281,226524,4505,12060
K02000001,United Kingdom,overview,2022-03-20,15690,2037,0,7006,9708
K02000001,United Kingdom,overview,2022-03-19,15233,2061,0,10237,19104
K02000001,United Kingdom,overview,2022-03-18,15160,1963,90349,4343,14641
K02000001,United Kingdom,overview,2022-03-17,14924,2085,89717,4201,14729
K02000001,United Kingdom,overview,2022-03-16,14476,2136,91345,4009,14046
K02000001,United Kingdom,overview,2022-03-15,14306,2148,109802,4262,14579
K02000001,United Kingdom,overview,2022-03-14,13785,1990,170985,4763,16929
K02000001,United Kingdom,overview,2022-03-13,13035,1826,0,3851,10520
K02000001,United Kingdom,overview,2022-03-12,12659,1628,0,8047,19735
K02000001,United Kingdom,overview,2022-03-11,12347,1734,72898,4438,14366
K02000001,United Kingdom,overview,2022-03-10,12174,1719,71259,4765,14282
K02000001,United Kingdom,overview,2022-03-09,11976,1832,67159,5196,15331
K02000001,United Kingdom,overview,2022-03-08,11857,1699,61900,4564,14655
K02000001,United Kingdom,overview,2022-03-07,11534,1530,126604,4596,13522
K02000001,United Kingdom,overview,2022-03-06,11058,1456,0,4059,9894
K02000001,United Kingdom,overview,2022-03-05,10912,1245,0,8168,18808
K02000001,United Kingdom,overview,2022-03-04,10914,1370,44740,6688,16561
K02000001,United Kingdom,overview,2022-03-03,10716,1476,45656,6347,17629
K02000001,United Kingdom,overview,2022-03-02,10858,1458,44017,7448,14410
K02000001,United Kingdom,overview,2022-03-01,10930,1364,39000,5810,15004
K02000001,United Kingdom,overview,2022-02-28,10969,1399,82451,5788,14302
K02000001,United Kingdom,overview,2022-02-27,10741,1100,0,4841,10606
K02000001,United Kingdom,overview,2022-02-26,10586,1084,0,9471,19652
K02000001,United Kingdom,overview,2022-02-25,10864,1107,31933,8109,16370
K02000001,United Kingdom,overview,2022-02-24,10998,1223,38933,7963,15838
K02000001,United Kingdom,overview,2022-02-23,11289,1242,39656,8985,17951
K02000001,United Kingdom,overview,2022-02-22,11331,1177,41130,8291,17904
K02000001,United Kingdom,overview,2022-02-21,11618,1238,38409,7411,16008
K02000001,United Kingdom,overview,2022-02-20,11425,1137,31170,5470,10564
K02000001,United Kingdom,overview,2022-02-19,11499,1013,39693,10773,20776
K02000001,United Kingdom,overview,2022-02-18,11480,1100,47685,5886,14700
K02000001,United Kingdom,overview,2022-02-17,11853,1186,51899,9254,21378
K02000001,United Kingdom,overview,2022-02-16,12004,1374,54218,10914,21914
K02000001,United Kingdom,overview,2022-02-15,12342,1372,46186,9091,19482
K02000001,United Kingdom,overview,2022-02-14,12545,1353,41648,8107,18172
K02000001,United Kingdom,overview,2022-02-13,12311,1187,41270,7494,13623
K02000001,United Kingdom,overview,2022-02-12,12259,1148,46025,15181,26309
K02000001,United Kingdom,overview,2022-02-11,12598,1188,58899,11075,25884
K02000001,United Kingdom,overview,2022-02-10,13016,1345,66638,11614,26290
K02000001,United Kingdom,overview,2022-02-09,13409,1425,68214,10523,24725
K02000001,United Kingdom,overview,2022-02-08,13846,1476,66183,10804,24721
K02000001,United Kingdom,overview,2022-02-07,14095,1432,57623,10106,22861
K02000001,United Kingdom,overview,2022-02-06,13902,1350,57337,8321,16605
K02000001,United Kingdom,overview,2022-02-05,14000,1243,63493,14794,28195
K02000001,United Kingdom,overview,2022-02-04,14482,1419,84053,15151,29181
K02000001,United Kingdom,overview,2022-02-03,14914,1490,88171,13343,26099
K02000001,United Kingdom,overview,2022-02-02,15102,1661,92594,12466,27274
K02000001,United Kingdom,overview,2022-02-01,15491,1771,112458,12735,26367
K02000001,United Kingdom,overview,2022-01-31,15939,1661,92368,15329,24275
K02000001,United Kingdom,overview,2022-01-30,15584,1426,69007,11684,27601
K02000001,United Kingdom,overview,2022-01-29,15298,1451,76069,18946,40329
K02000001,United Kingdom,overview,2022-01-28,16171,1529,89176,16949,33935
K02000001,United Kingdom,overview,2022-01-27,16397,1684,96871,15706,29948
K02000001,United Kingdom,overview,2022-01-26,16737,1882,102292,15358,30919
K02000001,United Kingdom,overview,2022-01-25,16814,1899,94326,13936,28788
K02000001,United Kingdom,overview,2022-01-24,17397,1785,88447,16005,29833
K02000001,United Kingdom,overview,2022-01-23,17115,1691,78317,12266,30710
K02000001,United Kingdom,overview,2022-01-22,17148,1439,80263,20378,47765
K02000001,United Kingdom,overview,2022-01-21,17781,1676,95787,17532,34034
K02000001,United Kingdom,overview,2022-01-20,18220,1912,107364,17806,33674
K02000001,United Kingdom,overview,2022-01-19,18731,1991,108069,16949,29893
K02000001,United Kingdom,overview,2022-01-18,19228,2014,94432,18032,29434
K02000001,United Kingdom,overview,2022-01-17,19665,2028,84429,15748,26502
K02000001,United Kingdom,overview,2022-01-16,19430,1942,75041,17700,37116
K02000001,United Kingdom,overview,2022-01-15,19306,1788,81713,27409,58050
K02000001,United Kingdom,overview,2022-01-14,19552,1940,99652,20878,31182
K02000001,United Kingdom,overview,2022-01-13,19767,2167,109133,20521,32197
K02000001,United Kingdom,overview,2022-01-12,19932,2204,129587,19520,30340
K02000001,United Kingdom,overview,2022-01-11,19959,2418,120821,19276,28790
K02000001,United Kingdom,overview,2022-01-10,20058,2459,142224,17954,26728
K02000001,United Kingdom,overview,2022-01-09,19251,2216,141472,22205,31360
K02000001,United Kingdom,overview,2022-01-08,18809,2099,146390,31689,51715
K02000001,United Kingdom,overview,2022-01-07,18873,2047,178250,23422,35627
K02000001,United Kingdom,overview,2022-01-06,18691,2342,179756,22741,34688
K02000001,United Kingdom,overview,2022-01-05,18214,2407,194747,29030,41664
K02000001,United Kingdom,overview,2022-01-04,17492,2400,218724,24866,40887
K02000001,United Kingdom,overview,2022-01-03,16499,2479,157758,19158,29295
K02000001,United Kingdom,overview,2022-01-02,15307,2118,151663,12449,16485
K02000001,United Kingdom,overview,2022-01-01,14672,2076,179637,2277,2758
K02000001,United Kingdom,overview,2021-12-31,14342,2108,189846,15384,22070
K02000001,United Kingdom,overview,2021-12-30,13309,2405,189213,33371,44107
K02000001,United Kingdom,overview,2021-12-29,12117,2635,183037,32607,43766
K02000001,United Kingdom,overview,2021-12-28,11070,2315,138831,23859,29534
K02000001,United Kingdom,overview,2021-12-27,9908,1973,109077,18191,23706
K02000001,United Kingdom,overview,2021-12-26,8887,1547,119923,1935,2084
K02000001,United Kingdom,overview,2021-12-25,8469,1420,121880,955,917
K02000001,United Kingdom,overview,2021-12-24,8659,1203,122186,10770,13968
K02000001,United Kingdom,overview,2021-12-23,8431,1406,119789,32605,44046
K02000001,United Kingdom,overview,2021-12-22,8395,1416,109655,39309,53154
K02000001,United Kingdom,overview,2021-12-21,8174,1264,90629,39955,54085
K02000001,United Kingdom,overview,2021-12-20,7958,1223,91743,39793,50938
K02000001,United Kingdom,overview,2021-12-19,7714,1019,82886,33151,39904
K02000001,United Kingdom,overview,2021-12-18,7557,840,90418,38329,45898
K02000001,United Kingdom,overview,2021-12-17,7621,880,93045,32890,42286
K02000001,United Kingdom,overview,2021-12-16,7743,924,88376,32677,42497
K02000001,United Kingdom,overview,2021-12-15,7723,954,78610,28067,38794
K02000001,United Kingdom,overview,2021-12-14,7798,956,59610,34082,37888
K02000001,United Kingdom,overview,2021-12-13,7798,929,54661,19671,29407
K02000001,United Kingdom,overview,2021-12-12,7578,868,48854,23317,30195
K02000001,United Kingdom,overview,2021-12-11,7455,793,54073,26291,38984
K02000001,United Kingdom,overview,2021-12-10,7489,830,58194,22063,31962
K02000001,United Kingdom,overview,2021-12-09,7535,953,50867,24039,33824
K02000001,United Kingdom,overview,2021-12-08,7466,888,51342,21700,29437
K02000001,United Kingdom,overview,2021-12-07,7447,945,45691,23512,28375
K02000001,United Kingdom,overview,2021-12-06,7462,870,51459,19979,25012
K02000001,United Kingdom,overview,2021-12-05,7353,845,43992,21955,27166
K02000001,United Kingdom,overview,2021-12-04,7250,750,42848,26914,37798
K02000001,United Kingdom,overview,2021-12-03,7396,736,50584,23264,29811
K02000001,United Kingdom,overview,2021-12-02,7487,839,53945,25848,30976
K02000001,United Kingdom,overview,2021-12-01,7416,828,48374,26028,32356
K02000001,United Kingdom,overview,2021-11-30,7744,841,39716,30539,32157
K02000001,United Kingdom,overview,2021-11-29,7733,808,42583,22391,26092
K02000001,United Kingdom,overview,2021-11-28,7502,715,37681,21493,29445
K02000001,United Kingdom,overview,2021-11-27,7471,717,39567,23808,32866
K02000001,United Kingdom,overview,2021-11-26,7626,734,50091,20314,23665
K02000001,United Kingdom,overview,2021-11-25,7725,776,47240,23579,22823
K02000001,United Kingdom,overview,2021-11-24,7734,909,43676,24579,23439
K02000001,United Kingdom,overview,2021-11-23,7981,785,42484,26822,22002
K02000001,United Kingdom,overview,2021-11-22,8195,743,44917,23258,18517
K02000001,United Kingdom,overview,2021-11-21,8099,757,40004,16424,13892
K02000001,United Kingdom,overview,2021-11-20,8004,736,40941,26013,24193
K02000001,United Kingdom,overview,2021-11-19,8124,775,44242,27084,21607
K02000001,United Kingdom,overview,2021-11-18,8176,842,46807,28880,20650
K02000001,United Kingdom,overview,2021-11-17,8275,867,38263,33092,22120
K02000001,United Kingdom,overview,2021-11-16,8524,905,37243,31431,19874
K02000001,United Kingdom,overview,2021-11-15,8801,839,39705,32046,18055
K02000001,United Kingdom,overview,2021-11-14,8643,807,36517,22938,17048
K02000001,United Kingdom,overview,2021-11-13,8556,778,38351,33527,24325
K02000001,United Kingdom,overview,2021-11-12,8693,891,40375,34338,22048
K02000001,United Kingdom,overview,2021-11-11,8785,965,42408,36383,22485
K02000001,United Kingdom,overview,2021-11-10,8937,989,39329,119188,47766
K02000001,United Kingdom,overview,2021-11-09,9008,996,33117,39836,21199
K02000001,United Kingdom,overview,2021-11-08,9056,1015,32322,33559,20361
K02000001,United Kingdom,overview,2021-11-07,8907,888,30305,25840,14610
K02000001,United Kingdom,overview,2021-11-06,8887,831,30693,36748,24500
K02000001,United Kingdom,overview,2021-11-05,9131,861,34029,43491,22633
K02000001,United Kingdom,overview,2021-11-04,9332,887,37269,43731,20482
K02000001,United Kingdom,overview,2021-11-03,9474,985,41299,41242,17965
K02000001,United Kingdom,overview,2021-11-02,9690,1084,33865,46663,20922
K02000001,United Kingdom,overview,2021-11-01,9708,1099,40077,37695,19214
K02000001,United Kingdom,overview,2021-10-31,9462,1009,38009,27402,13449
K02000001,United Kingdom,overview,2021-10-30,9310,904,41278,36052,25401
K02000001,United Kingdom,overview,2021-10-29,9257,1032,43467,40967,22279
K02000001,United Kingdom,overview,2021-10-28,9159,1087,39842,44702,23723
K02000001,United Kingdom,overview,2021-10-27,9080,1165,43941,44082,21577
K02000001,United Kingdom,overview,2021-10-26,8973,1124,40954,41083,23031
K02000001,United Kingdom,overview,2021-10-25,8854,1068,36567,37809,21446
K02000001,United Kingdom,overview,2021-10-24,8530,972,39962,25747,18082
K02000001,United Kingdom,overview,2021-10-23,8361,916,44985,40092,30243
K02000001,United Kingdom,overview,2021-10-22,8366,949,49298,46250,26170
K02000001,United Kingdom,overview,2021-10-21,8381,988,52009,48732,26828
K02000001,United Kingdom,overview,2021-10-20,8286,1113,49139,49080,26365
K02000001,United Kingdom,overview,2021-10-19,8031,1114,43738,42902,32767
K02000001,United Kingdom,overview,2021-10-18,7881,1090,49156,39672,23579
K02000001,United Kingdom,overview,2021-10-17,7512,974,45140,17837,17265
K02000001,United Kingdom,overview,2021-10-16,7240,886,43423,28999,33483
K02000001,United Kingdom,overview,2021-10-15,7214,958,44932,40763,29432
K02000001,United Kingdom,overview,2021-10-14,7200,914,45066,43489,27991
K02000001,United Kingdom,overview,2021-10-13,7143,930,42776,38726,29481
K02000001,United Kingdom,overview,2021-10-12,7128,946,38520,36847,26946
K02000001,United Kingdom,overview,2021-10-11,7098,850,40224,29172,23632
K02000001,United Kingdom,overview,2021-10-10,6943,735,34574,22106,19451
K02000001,United Kingdom,overview,2021-10-09,6772,769,34950,31395,33477
K02000001,United Kingdom,overview,2021-10-08,6828,791,41765,31685,29068
K02000001,United Kingdom,overview,2021-10-07,6849,828,40701,33029,28656
K02000001,United Kingdom,overview,2021-10-06,6899,783,39851,32828,28576
K02000001,United Kingdom,overview,2021-10-05,6914,840,33869,41347,28572
K02000001,United Kingdom,overview,2021-10-04,6838,814,35077,37671,29337
K02000001,United Kingdom,overview,2021-10-03,6647,722,30439,24123,21532
K02000001,United Kingdom,overview,2021-10-02,6490,698,30301,31066,34391
K02000001,United Kingdom,overview,2021-10-01,6639,698,35577,38180,34289
K02000001,United Kingdom,overview,2021-09-30,6807,705,36480,34372,34459
K02000001,United Kingdom,overview,2021-09-29,6951,810,36722,31539,34093
K02000001,United Kingdom,overview,2021-09-28,7065,783,34526,31853,33532
K02000001,United Kingdom,overview,2021-09-27,7083,782,37960,24919,33177
K02000001,United Kingdom,overview,2021-09-26,6852,672,32417,15984,25539
K02000001,United Kingdom,overview,2021-09-25,6989,678,32468,24296,47118
K02000001,United Kingdom,overview,2021-09-24,6943,731,35623,27617,44759
K02000001,United Kingdom,overview,2021-09-23,7195,783,36710,25083,44588
K02000001,United Kingdom,overview,2021-09-22,7441,755,34460,22679,44047
K02000001,United Kingdom,overview,2021-09-21,7648,808,31564,20384,43406
K02000001,United Kingdom,overview,2021-09-20,7821,813,36100,20150,46342
K02000001,United Kingdom,overview,2021-09-19,7770,731,29612,13840,35157
K02000001,United Kingdom,overview,2021-09-18,7719,759,30144,26198,72497
K02000001,United Kingdom,overview,2021-09-17,7930,754,32651,20778,60384
K02000001,United Kingdom,overview,2021-09-16,8139,894,26911,23051,63973
K02000001,United Kingdom,overview,2021-09-15,8421,951,30597,24402,63290
K02000001,United Kingdom,overview,2021-09-14,8414,952,26628,17645,66725
K02000001,United Kingdom,overview,2021-09-13,8490,943,30825,19428,60653
K02000001,United Kingdom,overview,2021-09-12,8267,868,29173,14955,52615
K02000001,United Kingdom,overview,2021-09-11,8157,851,29547,27913,98059
K02000001,United Kingdom,overview,2021-09-10,8329,926,37622,26064,91811
K02000001,United Kingdom,overview,2021-09-09,8158,1037,38013,25774,96702
K02000001,United Kingdom,overview,2021-09-08,8149,1167,38975,25131,87960
K02000001,United Kingdom,overview,2021-09-07,7993,1104,37489,26624,85848
K02000001,United Kingdom,overview,2021-09-06,8049,1078,41192,22698,80015
K02000001,United Kingdom,overview,2021-09-05,7762,879,37011,21795,73193
K02000001,United Kingdom,overview,2021-09-04,7567,952,37578,41054,128553
K02000001,United Kingdom,overview,2021-09-03,7682,928,42076,35266,110590
K02000001,United Kingdom,overview,2021-09-02,7633,999,38154,40002,119375
K02000001,United Kingdom,overview,2021-09-01,7693,1084,35693,44088,113385
K02000001,United Kingdom,overview,2021-08-31,7689,1003,32181,39899,119402
K02000001,United Kingdom,overview,2021-08-30,7350,997,26476,19643,66648
K02000001,United Kingdom,overview,2021-08-29,7121,857,33196,24390,79440
K02000001,United Kingdom,overview,2021-08-28,6991,864,32406,43271,133688
K02000001,United Kingdom,overview,2021-08-27,7096,945,38046,44937,131456
K02000001,United Kingdom,overview,2021-08-26,7042,957,38281,55140,144936
K02000001,United Kingdom,overview,2021-08-25,6997,1036,35847,68076,161705
K02000001,United Kingdom,overview,2021-08-24,6972,1000,30838,55410,130676
K02000001,United Kingdom,overview,2021-08-23,7030,966,31914,46401,131283
K02000001,United Kingdom,overview,2021-08-22,6760,834,32253,40345,116352
K02000001,United Kingdom,overview,2021-08-21,6542,877,32058,73006,194881
K02000001,United Kingdom,overview,2021-08-20,6531,872,37314,60885,167392
K02000001,United Kingdom,overview,2021-08-19,6519,950,36572,55979,175059
K02000001,United Kingdom,overview,2021-08-18,6475,913,33904,47284,169223
K02000001,United Kingdom,overview,2021-08-17,6415,968,26852,43824,145875
K02000001,United Kingdom,overview,2021-08-16,6391,870,28438,35716,138390
K02000001,United Kingdom,overview,2021-08-15,6054,807,26750,31257,126383
K02000001,United Kingdom,overview,2021-08-14,5893,788,29520,46603,199584
K02000001,United Kingdom,overview,2021-08-13,5996,790,32700,40490,171585
K02000001,United Kingdom,overview,2021-08-12,5968,861,33074,44384,192559
K02000001,United Kingdom,overview,2021-08-11,6013,850,29612,41568,173761
K02000001,United Kingdom,overview,2021-08-10,6028,894,23510,37511,151143
K02000001,United Kingdom,overview,2021-08-09,6026,760,25161,32250,137028
K02000001,United Kingdom,overview,2021-08-08,5865,742,27429,22843,122070
K02000001,United Kingdom,overview,2021-08-07,5712,728,28612,37990,213583
K02000001,United Kingdom,overview,2021-08-06,5761,782,31808,36976,168356
K02000001,United Kingdom,overview,2021-08-05,5763,812,30215,35500,172692
K02000001,United Kingdom,overview,2021-08-04,5800,836,29312,33334,165669
K02000001,United Kingdom,overview,2021-08-03,6014,763,21691,29290,142761
K02000001,United Kingdom,overview,2021-08-02,6223,788,21952,26092,126192
K02000001,United Kingdom,overview,2021-08-01,5990,739,24470,21232,118044
K02000001,United Kingdom,overview,2021-07-31,5966,676,26144,38826,212014
K02000001,United Kingdom,overview,2021-07-30,6027,746,29622,36724,171096
K02000001,United Kingdom,overview,2021-07-29,5994,840,31117,42353,179918
K02000001,United Kingdom,overview,2021-07-28,6114,852,27734,43847,171173
K02000001,United Kingdom,overview,2021-07-27,6105,922,23511,35402,151650
K02000001,United Kingdom,overview,2021-07-26,6010,941,24950,30019,148936
K02000001,United Kingdom,overview,2021-07-25,5653,939,29173,24551,117956
K02000001,United Kingdom,overview,2021-07-24,5384,828,31795,43805,203886
K02000001,United Kingdom,overview,2021-07-23,5317,867,36389,42974,189341
K02000001,United Kingdom,overview,2021-07-22,5107,955,39906,44036,188297
K02000001,United Kingdom,overview,2021-07-21,4936,930,44104,45101,183338
K02000001,United Kingdom,overview,2021-07-20,4748,938,46558,39035,161279
K02000001,United Kingdom,overview,2021-07-19,4655,877,39950,35670,143560
K02000001,United Kingdom,overview,2021-07-18,4351,799,48161,18186,128878
K02000001,United Kingdom,overview,2021-07-17,4235,710,54674,67217,225214
K02000001,United Kingdom,overview,2021-07-16,4155,700,51870,69491,202314
K02000001,United Kingdom,overview,2021-07-15,4042,775,48553,61681,201893
K02000001,United Kingdom,overview,2021-07-14,3861,755,42302,60374,185661
K02000001,United Kingdom,overview,2021-07-13,3677,750,36660,59073,158276
K02000001,United Kingdom,overview,2021-07-12,3462,732,34471,54296,125360
K02000001,United Kingdom,overview,2021-07-11,3186,594,31772,42000,107620
K02000001,United Kingdom,overview,2021-07-10,3040,552,32367,93763,211446
K02000001,United Kingdom,overview,2021-07-09,2943,559,35707,90083,178819
K02000001,United Kingdom,overview,2021-07-08,2772,608,32551,96430,175467
K02000001,United Kingdom,overview,2021-07-07,2685,571,32548,86953,171477
K02000001,United Kingdom,overview,2021-07-06,2490,577,28773,85811,153126
K02000001,United Kingdom,overview,2021-07-05,2368,521,27334,76962,147814
K02000001,United Kingdom,overview,2021-07-04,2181,470,24248,77222,111410
K02000001,United Kingdom,overview,2021-07-03,2061,396,24885,137389,196209
K02000001,United Kingdom,overview,2021-07-02,2017,392,27125,123605,177478
K02000001,United Kingdom,overview,2021-07-01,1940,373,27989,152525,193066
K02000001,United Kingdom,overview,2021-06-30,1830,417,26068,141216,175749
K02000001,United Kingdom,overview,2021-06-29,1751,368,20479,137991,150688
K02000001,United Kingdom,overview,2021-06-28,1748,310,22868,127260,138016
K02000001,United Kingdom,overview,2021-06-27,1610,267,14876,139712,123555
K02000001,United Kingdom,overview,2021-06-26,1549,268,18270,234441,199505
K02000001,United Kingdom,overview,2021-06-25,1542,257,15810,202497,174770
K02000001,United Kingdom,overview,2021-06-24,1521,255,16703,221534,177813
K02000001,United Kingdom,overview,2021-06-23,1500,275,16135,207647,167988
K02000001,United Kingdom,overview,2021-06-22,1546,242,11625,299837,250875
K02000001,United Kingdom,overview,2021-06-21,1522,233,10633,21080,39325
K02000001,United Kingdom,overview,2021-06-20,1388,206,9284,163750,109408
K02000001,United Kingdom,overview,2021-06-19,1353,211,10321,280241,236363
K02000001,United Kingdom,overview,2021-06-18,1368,239,10476,223140,205677
K02000001,United Kingdom,overview,2021-06-17,1326,245,11007,243978,223260
K02000001,United Kingdom,overview,2021-06-16,1261,230,9055,195565,234834
K02000001,United Kingdom,overview,2021-06-15,1236,231,7673,190033,230666
K02000001,United Kingdom,overview,2021-06-14,1185,227,7742,132627,235928
K02000001,United Kingdom,overview,2021-06-13,1144,223,7490,147228,181121
K02000001,United Kingdom,overview,2021-06-12,1109,178,7738,254185,320326
K02000001,United Kingdom,overview,2021-06-11,1080,180,8125,208531,307192
K02000001,United Kingdom,overview,2021-06-10,1098,201,7393,201607,308038
K02000001,United Kingdom,overview,2021-06-09,1067,191,7540,176559,316258
K02000001,United Kingdom,overview,2021-06-08,1060,189,6048,136802,313482
K02000001,United Kingdom,overview,2021-06-07,1038,177,5683,112941,306068
K02000001,United Kingdom,overview,2021-06-06,967,156,5341,127345,259941
K02000001,United Kingdom,overview,2021-06-05,941,128,5765,203613,473378
K02000001,United Kingdom,overview,2021-06-04,968,126,6238,179924,388031
K02000001,United Kingdom,overview,2021-06-03,941,128,5274,191266,377641
K02000001,United Kingdom,overview,2021-06-02,964,131,4330,172763,349019
K02000001,United Kingdom,overview,2021-06-01,933,157,3165,108507,338565
K02000001,United Kingdom,overview,2021-05-31,932,124,3383,93103,195546
K02000001,United Kingdom,overview,2021-05-30,910,112,3240,124887,206322
K02000001,United Kingdom,overview,2021-05-29,890,105,3398,183526,418848
K02000001,United Kingdom,overview,2021-05-28,889,139,4182,204442,435951
K02000001,United Kingdom,overview,2021-05-27,875,127,3542,256517,434096
K02000001,United Kingdom,overview,2021-05-26,898,132,3180,236119,427458
K02000001,United Kingdom,overview,2021-05-25,924,133,2493,186147,387987
K02000001,United Kingdom,overview,2021-05-24,963,139,2439,122379,332955
K02000001,United Kingdom,overview,2021-05-23,927,116,2235,126357,252139
K02000001,United Kingdom,overview,2021-05-22,890,119,2694,205410,556951
K02000001,United Kingdom,overview,2021-05-21,925,125,2829,219657,426683
K02000001,United Kingdom,overview,2021-05-20,915,132,2874,268251,420312
K02000001,United Kingdom,overview,2021-05-19,921,128,2696,264858,369018
K02000001,United Kingdom,overview,2021-05-18,902,128,2412,174100,324001
K02000001,United Kingdom,overview,2021-05-17,947,102,1979,106733,259049
K02000001,United Kingdom,overview,2021-05-16,945,81,1926,131318,183745
K02000001,United Kingdom,overview,2021-05-15,970,91,2027,237331,391246
K02000001,United Kingdom,overview,2021-05-14,980,97,2193,220068,393402
K02000001,United Kingdom,overview,2021-05-13,1004,103,2657,209284,428041
K02000001,United Kingdom,overview,2021-05-12,1071,122,2284,184210,452437
K02000001,United Kingdom,overview,2021-05-11,1108,109,2474,135113,350147
K02000001,United Kingdom,overview,2021-05-10,1131,105,2357,115053,231835
K02000001,United Kingdom,overview,2021-05-09,1120,103,1770,100626,187171
K02000001,United Kingdom,overview,2021-05-08,1139,111,2047,169027,438837
K02000001,United Kingdom,overview,2021-05-07,1159,104,2490,133001,465822
K02000001,United Kingdom,overview,2021-05-06,1161,120,2613,135470,473001
K02000001,United Kingdom,overview,2021-05-05,1241,120,2144,139097,404226
K02000001,United Kingdom,overview,2021-05-04,1297,103,1946,127170,257486
K02000001,United Kingdom,overview,2021-05-03,1304,123,1649,72600,127499
K02000001,United Kingdom,overview,2021-05-02,1286,120,1671,89924,172891
K02000001,United Kingdom,overview,2021-05-01,1288,102,1907,143175,372304
K02000001,United Kingdom,overview,2021-04-30,1367,114,2381,145589,421785
K02000001,United Kingdom,overview,2021-04-29,1465,103,2445,122568,491567
K02000001,United Kingdom,overview,2021-04-28,1516,112,2166,134140,462885
K02000001,United Kingdom,overview,2021-04-27,1573,169,2685,116328,379265
K02000001,United Kingdom,overview,2021-04-26,1650,135,2064,90695,304688
K02000001,United Kingdom,overview,2021-04-25,1627,138,1712,79695,260801
K02000001,United Kingdom,overview,2021-04-24,1674,130,2061,148767,547636
K02000001,United Kingdom,overview,2021-04-23,1750,157,2678,135786,465015
K02000001,United Kingdom,overview,2021-04-22,1792,122,2729,130986,431070
K02000001,United Kingdom,overview,2021-04-21,1894,173,2396,117909,416784
K02000001,United Kingdom,overview,2021-04-20,1927,134,2524,107622,350027
K02000001,United Kingdom,overview,2021-04-19,2008,179,2963,99672,273751
K02000001,United Kingdom,overview,2021-04-18,1984,141,1882,83225,221193
K02000001,United Kingdom,overview,2021-04-17,2036,159,2206,139445,499635
K02000001,United Kingdom,overview,2021-04-16,2141,160,2596,135557,499664
K02000001,United Kingdom,overview,2021-04-15,2196,161,2672,129782,417683
K02000001,United Kingdom,overview,2021-04-14,2296,196,2491,117835,343783
K02000001,United Kingdom,overview,2021-04-13,2410,182,2472,76123,312685
K02000001,United Kingdom,overview,2021-04-12,2494,205,3568,59905,201191
K02000001,United Kingdom,overview,2021-04-11,2551,205,1730,69223,189665
K02000001,United Kingdom,overview,2021-04-10,2652,186,2589,111109,475230
K02000001,United Kingdom,overview,2021-04-09,2794,206,3150,106878,450136
K02000001,United Kingdom,overview,2021-04-08,2873,207,3030,96242,449269
K02000001,United Kingdom,overview,2021-04-07,3020,235,2763,99530,408396
K02000001,United Kingdom,overview,2021-04-06,3144,223,2379,85227,186793
K02000001,United Kingdom,overview,2021-04-05,3256,238,2762,40744,64590
K02000001,United Kingdom,overview,2021-04-04,3230,197,2297,48055,47708
K02000001,United Kingdom,overview,2021-04-03,3245,222,3423,107886,178913
K02000001,United Kingdom,overview,2021-04-02,3377,237,3402,107420,246631
K02000001,United Kingdom,overview,2021-04-01,3558,234,4479,170818,445416
K02000001,United Kingdom,overview,2021-03-31,3743,270,4052,239434,387574
K02000001,United Kingdom,overview,2021-03-30,3977,257,4040,225917,277682
K02000001,United Kingdom,overview,2021-03-29,4198,251,4654,236809,168230
K02000001,United Kingdom,overview,2021-03-28,4186,273,3862,293548,147594
K02000001,United Kingdom,overview,2021-03-27,4437,273,4715,424301,238861
K02000001,United Kingdom,overview,2021-03-26,4486,298,6187,411305,283654
K02000001,United Kingdom,overview,2021-03-25,4584,341,6397,324942,234382
K02000001,United Kingdom,overview,2021-03-24,4881,349,5605,337665,242642
K02000001,United Kingdom,overview,2021-03-23,5151,368,5379,325650,169155
K02000001,United Kingdom,overview,2021-03-22,5432,361,5342,329897,82300
K02000001,United Kingdom,overview,2021-03-21,5449,358,5312,367006,52612
K02000001,United Kingdom,overview,2021-03-20,5568,364,5587,752308,91977
K02000001,United Kingdom,overview,2021-03-19,5881,380,4802,614930,125725
K02000001,United Kingdom,overview,2021-03-18,6151,451,6303,528260,132016
K02000001,United Kingdom,overview,2021-03-17,6586,445,5758,462246,119609
K02000001,United Kingdom,overview,2021-03-16,6848,441,5294,433320,95799
K02000001,United Kingdom,overview,2021-03-15,7209,502,5089,386685,53366
K02000001,United Kingdom,overview,2021-03-14,7318,428,4618,257010,25371
K02000001,United Kingdom,overview,2021-03-13,7386,463,5534,512108,52155
K02000001,United Kingdom,overview,2021-03-12,7730,480,6609,369578,87676
K02000001,United Kingdom,overview,2021-03-11,8068,551,6753,260809,93563
K02000001,United Kingdom,overview,2021-03-10,8437,567,5926,243887,97162
K02000001,United Kingdom,overview,2021-03-09,9010,579,5766,217301,72922
K02000001,United Kingdom,overview,2021-03-08,9475,576,4712,215273,38788
K02000001,United Kingdom,overview,2021-03-07,9460,535,5177,164143,20241
K02000001,United Kingdom,overview,2021-03-06,9712,636,6040,416834,31562
K02000001,United Kingdom,overview,2021-03-05,10313,599,5947,437463,56772
K02000001,United Kingdom,overview,2021-03-04,10934,706,6573,376244,70206
K02000001,United Kingdom,overview,2021-03-03,11524,713,6385,278956,68450
K02000001,United Kingdom,overview,2021-03-02,12140,835,6391,224996,51314
K02000001,United Kingdom,overview,2021-03-01,12895,825,5455,203168,28282
K02000001,United Kingdom,overview,2021-02-28,12789,771,6035,185900,19684
K02000001,United Kingdom,overview,2021-02-27,13270,742,7434,407503,27322
K02000001,United Kingdom,overview,2021-02-26,14078,864,8523,504493,32773
K02000001,United Kingdom,overview,2021-02-25,14850,971,9985,485720,35319
K02000001,United Kingdom,overview,2021-02-24,15535,1022,9938,448962,31613
K02000001,United Kingdom,overview,2021-02-23,16116,1120,8489,326692,26317
K02000001,United Kingdom,overview,2021-02-22,16856,1120,10641,192341,18463
K02000001,United Kingdom,overview,2021-02-21,16858,1157,9834,141719,9177
K02000001,United Kingdom,overview,2021-02-20,17043,1091,10406,334679,10263
K02000001,United Kingdom,overview,2021-02-19,17861,1272,12027,371906,15294
K02000001,United Kingdom,overview,2021-02-18,18523,1339,12057,452454,15867
K02000001,United Kingdom,overview,2021-02-17,19450,1411,12718,482110,15147
K02000001,United Kingdom,overview,2021-02-16,20216,1495,10625,364865,12412
K02000001,United Kingdom,overview,2021-02-15,20995,1503,9765,275956,6535
K02000001,United Kingdom,overview,2021-02-14,21055,1538,10972,237962,1915
K02000001,United Kingdom,overview,2021-02-13,20971,1428,13308,505362,2846
K02000001,United Kingdom,overview,2021-02-12,22325,1511,15144,544603,4775
K02000001,United Kingdom,overview,2021-02-11,23412,1680,13494,503116,5647
K02000001,United Kingdom,overview,2021-02-10,24418,1726,13013,450810,4894
K02000001,United Kingdom,overview,2021-02-09,25690,1754,12364,411812,3161
K02000001,United Kingdom,overview,2021-02-08,26745,1921,14104,352480,3811
K02000001,United Kingdom,overview,2021-02-07,26801,1852,15845,278988,862
K02000001,United Kingdom,overview,2021-02-06,26915,1893,18262,549808,1662
K02000001,United Kingdom,overview,2021-02-05,28384,2005,19114,494163,4064
K02000001,United Kingdom,overview,2021-02-04,29414,2142,20634,480560,4036
K02000001,United Kingdom,overview,2021-02-03,30605,2362,19202,469016,2995
K02000001,United Kingdom,overview,2021-02-02,31767,2481,16840,374756,2166
K02000001,United Kingdom,overview,2021-02-01,32961,2605,18607,350348,2587
K02000001,United Kingdom,overview,2021-01-31,32587,2408,21088,319038,3156
K02000001,United Kingdom,overview,2021-01-30,33017,2469,23275,598389,10621
K02000001,United Kingdom,overview,2021-01-29,33849,2687,29079,487756,2178
K02000001,United Kingdom,overview,2021-01-28,34911,3044,28680,414419,1769
K02000001,United Kingdom,overview,2021-01-27,35515,3059,25308,312378,2329
K02000001,United Kingdom,overview,2021-01-26,37103,3150,20089,311060,1710
K02000001,United Kingdom,overview,2021-01-25,37758,2932,22195,279757,1968
K02000001,United Kingdom,overview,2021-01-24,37732,3113,30004,220249,818
K02000001,United Kingdom,overview,2021-01-23,37400,3118,33552,491970,1043
K02000001,United Kingdom,overview,2021-01-22,38260,3395,40261,478248,1821
K02000001,United Kingdom,overview,2021-01-21,38061,3637,37892,409855,2760
K02000001,United Kingdom,overview,2021-01-20,38741,4051,38905,363508,3411
K02000001,United Kingdom,overview,2021-01-19,38848,4161,33355,343163,3759
K02000001,United Kingdom,overview,2021-01-18,39256,4062,37535,204076,4565
K02000001,United Kingdom,overview,2021-01-17,38171,3751,38598,190107,2239
K02000001,United Kingdom,overview,2021-01-16,37717,3944,41346,296131,2620
K02000001,United Kingdom,overview,2021-01-15,38135,3684,55761,341317,4208
K02000001,United Kingdom,overview,2021-01-14,37694,4100,48682,316694,5257
K02000001,United Kingdom,overview,2021-01-13,37489,4224,47525,278943,9745
K02000001,United Kingdom,overview,2021-01-12,36983,4580,45533,207661,16065
K02000001,United Kingdom,overview,2021-01-11,36753,4308,46169,145076,20768
K02000001,United Kingdom,overview,2021-01-10,35393,3941,54940,,
K02000001,United Kingdom,overview,2021-01-09,34034,4127,59937,,
K02000001,United Kingdom,overview,2021-01-08,33780,4002,68053,,
K02000001,United Kingdom,overview,2021-01-07,32585,4294,52618,,
K02000001,United Kingdom,overview,2021-01-06,31948,4394,62322,,
K02000001,United Kingdom,overview,2021-01-05,30688,4115,60916,,
K02000001,United Kingdom,overview,2021-01-04,30777,3937,58784,,
K02000001,United Kingdom,overview,2021-01-03,29035,3650,54990,,
K02000001,United Kingdom,overview,2021-01-02,27563,3440,57725,,
K02000001,United Kingdom,overview,2021-01-01,26391,3364,53285,,
K02000001,United Kingdom,overview,2020-12-31,26579,2924,55892,,
K02000001,United Kingdom,overview,2020-12-30,26552,3288,50023,,
K02000001,United Kingdom,overview,2020-12-29,25550,3250,53135,,
K02000001,United Kingdom,overview,2020-12-28,24050,3131,41385,,
K02000001,United Kingdom,overview,2020-12-27,22765,2871,30501,,
K02000001,United Kingdom,overview,2020-12-26,21731,2529,35691,,
K02000001,United Kingdom,overview,2020-12-25,20919,2184,32725,,
K02000001,United Kingdom,overview,2020-12-24,21578,2085,39877,,
K02000001,United Kingdom,overview,2020-12-23,21223,2278,39237,,
K02000001,United Kingdom,overview,2020-12-22,21489,2481,36804,,
K02000001,United Kingdom,overview,2020-12-21,21134,2370,33364,,
K02000001,United Kingdom,overview,2020-12-20,20005,2169,35928,,
K02000001,United Kingdom,overview,2020-12-19,19464,2044,27052,,
K02000001,United Kingdom,overview,2020-12-18,19118,1923,28507,,
K02000001,United Kingdom,overview,2020-12-17,18971,2143,35383,,
K02000001,United Kingdom,overview,2020-12-16,18672,2078,25161,,
K02000001,United Kingdom,overview,2020-12-15,18217,1959,18450,,
K02000001,United Kingdom,overview,2020-12-14,18247,1954,20263,,
K02000001,United Kingdom,overview,2020-12-13,17539,1756,18447,,
K02000001,United Kingdom,overview,2020-12-12,16910,1798,21502,,
K02000001,United Kingdom,overview,2020-12-11,16886,1690,21672,,
K02000001,United Kingdom,overview,2020-12-10,16724,1752,20964,,
K02000001,United Kingdom,overview,2020-12-09,16332,1755,16578,,
K02000001,United Kingdom,overview,2020-12-08,16478,1782,12282,,
K02000001,United Kingdom,overview,2020-12-07,16416,1661,14718,,
K02000001,United Kingdom,overview,2020-12-06,15961,1471,17272,,
K02000001,United Kingdom,overview,2020-12-05,15689,1379,15539,,
K02000001,United Kingdom,overview,2020-12-04,15728,1431,16298,,
K02000001,United Kingdom,overview,2020-12-03,15659,1500,14879,,
K02000001,United Kingdom,overview,2020-12-02,15978,1487,16170,,
K02000001,United Kingdom,overview,2020-12-01,16313,1490,13430,,
K02000001,United Kingdom,overview,2020-11-30,16566,1406,12330,,
K02000001,United Kingdom,overview,2020-11-29,16314,1390,12155,,
K02000001,United Kingdom,overview,2020-11-28,15986,1221,15871,,
K02000001,United Kingdom,overview,2020-11-27,16572,1280,16022,,
K02000001,United Kingdom,overview,2020-11-26,16763,1423,17555,,
K02000001,United Kingdom,overview,2020-11-25,17133,1613,18213,,
K02000001,United Kingdom,overview,2020-11-24,17425,1499,11299,,
K02000001,United Kingdom,overview,2020-11-23,17682,1590,15450,,
K02000001,United Kingdom,overview,2020-11-22,17265,1492,18662,,
K02000001,United Kingdom,overview,2020-11-21,17064,1462,19875,,
K02000001,United Kingdom,overview,2020-11-20,17185,1550,20252,,
K02000001,United Kingdom,overview,2020-11-19,17460,1687,22915,,
K02000001,United Kingdom,overview,2020-11-18,17487,1785,19609,,
K02000001,United Kingdom,overview,2020-11-17,17440,1719,20051,,
K02000001,United Kingdom,overview,2020-11-16,17314,1771,21363,,
K02000001,United Kingdom,overview,2020-11-15,16865,1673,24962,,
K02000001,United Kingdom,overview,2020-11-14,16300,1616,26860,,
K02000001,United Kingdom,overview,2020-11-13,16237,1652,27301,,
K02000001,United Kingdom,overview,2020-11-12,15880,1918,33470,,
K02000001,United Kingdom,overview,2020-11-11,15667,1973,22950,,
K02000001,United Kingdom,overview,2020-11-10,14965,1855,20412,,
K02000001,United Kingdom,overview,2020-11-09,15142,1766,21350,,
K02000001,United Kingdom,overview,2020-11-08,14547,1692,20572,,
K02000001,United Kingdom,overview,2020-11-07,14315,1559,24957,,
K02000001,United Kingdom,overview,2020-11-06,13959,1416,23287,,
K02000001,United Kingdom,overview,2020-11-05,13797,1591,24141,,
K02000001,United Kingdom,overview,2020-11-04,13818,1687,25177,,
K02000001,United Kingdom,overview,2020-11-03,13750,1523,20018,,
K02000001,United Kingdom,overview,2020-11-02,13106,1574,18950,,
K02000001,United Kingdom,overview,2020-11-01,12231,1497,23254,,
K02000001,United Kingdom,overview,2020-10-31,12311,1460,21915,,
K02000001,United Kingdom,overview,2020-10-30,11789,1384,24405,,
K02000001,United Kingdom,overview,2020-10-29,11584,1590,23065,,
K02000001,United Kingdom,overview,2020-10-28,11435,1494,24701,,
K02000001,United Kingdom,overview,2020-10-27,10939,1498,22885,,
K02000001,United Kingdom,overview,2020-10-26,10109,1541,20890,,
K02000001,United Kingdom,overview,2020-10-25,9787,1425,19790,,
K02000001,United Kingdom,overview,2020-10-24,9263,1262,23012,,
K02000001,United Kingdom,overview,2020-10-23,8887,1299,20530,,
K02000001,United Kingdom,overview,2020-10-22,8312,1283,21242,,
K02000001,United Kingdom,overview,2020-10-21,8133,1265,26688,,
K02000001,United Kingdom,overview,2020-10-20,7853,1191,21331,,
K02000001,United Kingdom,overview,2020-10-19,7335,1106,18804,,
K02000001,United Kingdom,overview,2020-10-18,6830,1091,16982,,
K02000001,United Kingdom,overview,2020-10-17,6546,1031,16171,,
K02000001,United Kingdom,overview,2020-10-16,6297,925,15650,,
K02000001,United Kingdom,overview,2020-10-15,5934,1044,18980,,
K02000001,United Kingdom,overview,2020-10-14,5599,983,19724,,
K02000001,United Kingdom,overview,2020-10-13,5294,1029,17234,,
K02000001,United Kingdom,overview,2020-10-12,4960,888,13972,,
K02000001,United Kingdom,overview,2020-10-11,4671,825,12872,,
K02000001,United Kingdom,overview,2020-10-10,4359,723,15166,,
K02000001,United Kingdom,overview,2020-10-09,4171,708,13864,,
K02000001,United Kingdom,overview,2020-10-08,4086,715,17540,,
K02000001,United Kingdom,overview,2020-10-07,3894,692,14162,,
K02000001,United Kingdom,overview,2020-10-06,3643,725,14542,,
K02000001,United Kingdom,overview,2020-10-05,3371,630,12594,,
K02000001,United Kingdom,overview,2020-10-04,3057,633,22961,,
K02000001,United Kingdom,overview,2020-10-03,2868,536,12872,,
K02000001,United Kingdom,overview,2020-10-02,2724,531,6968,,
K02000001,United Kingdom,overview,2020-10-01,2593,528,6914,,
K02000001,United Kingdom,overview,2020-09-30,2531,451,7108,,
K02000001,United Kingdom,overview,2020-09-29,2421,440,7143,,
K02000001,United Kingdom,overview,2020-09-28,2400,444,4044,,
K02000001,United Kingdom,overview,2020-09-27,2189,342,5693,,
K02000001,United Kingdom,overview,2020-09-26,2034,351,6042,,
K02000001,United Kingdom,overview,2020-09-25,2021,382,6874,,
K02000001,United Kingdom,overview,2020-09-24,1847,423,6634,,
K02000001,United Kingdom,overview,2020-09-23,1731,422,6178,,
K02000001,United Kingdom,overview,2020-09-22,1637,350,4926,,
K02000001,United Kingdom,overview,2020-09-21,1559,371,4368,,
K02000001,United Kingdom,overview,2020-09-20,1399,288,3899,,
K02000001,United Kingdom,overview,2020-09-19,1301,261,4422,,
K02000001,United Kingdom,overview,2020-09-18,1222,262,4322,,
K02000001,United Kingdom,overview,2020-09-17,1163,264,3395,,
K02000001,United Kingdom,overview,2020-09-16,1107,281,3991,,
K02000001,United Kingdom,overview,2020-09-15,1067,268,3105,,
K02000001,United Kingdom,overview,2020-09-14,983,257,2621,,
K02000001,United Kingdom,overview,2020-09-13,844,227,3330,,
K02000001,United Kingdom,overview,2020-09-12,813,217,3497,,
K02000001,United Kingdom,overview,2020-09-11,771,230,3539,,
K02000001,United Kingdom,overview,2020-09-10,945,217,2919,,
K02000001,United Kingdom,overview,2020-09-09,925,203,2659,,
K02000001,United Kingdom,overview,2020-09-08,895,184,2460,,
K02000001,United Kingdom,overview,2020-09-07,903,145,2948,,
K02000001,United Kingdom,overview,2020-09-06,818,137,2988,,
K02000001,United Kingdom,overview,2020-09-05,813,130,1813,,
K02000001,United Kingdom,overview,2020-09-04,819,154,1940,,
K02000001,United Kingdom,overview,2020-09-03,818,146,1735,,
K02000001,United Kingdom,overview,2020-09-02,804,145,1508,,
K02000001,United Kingdom,overview,2020-09-01,862,134,1295,,
K02000001,United Kingdom,overview,2020-08-31,855,90,1406,,
K02000001,United Kingdom,overview,2020-08-30,832,77,1715,,
K02000001,United Kingdom,overview,2020-08-29,834,110,1108,,
K02000001,United Kingdom,overview,2020-08-28,819,138,1276,,
K02000001,United Kingdom,overview,2020-08-27,841,152,1522,,
K02000001,United Kingdom,overview,2020-08-26,830,130,1048,,
K02000001,United Kingdom,overview,2020-08-25,845,119,1184,,
K02000001,United Kingdom,overview,2020-08-24,877,91,853,,
K02000001,United Kingdom,overview,2020-08-23,871,74,1160,,
K02000001,United Kingdom,overview,2020-08-22,944,73,1288,,
K02000001,United Kingdom,overview,2020-08-21,889,109,1033,,
K02000001,United Kingdom,overview,2020-08-20,910,98,1182,,
K02000001,United Kingdom,overview,2020-08-19,925,113,812,,
K02000001,United Kingdom,overview,2020-08-18,954,128,1089,,
K02000001,United Kingdom,overview,2020-08-17,983,95,713,,
K02000001,United Kingdom,overview,2020-08-16,980,80,1040,,
K02000001,United Kingdom,overview,2020-08-15,975,98,1077,,
K02000001,United Kingdom,overview,2020-08-14,996,100,1441,,
K02000001,United Kingdom,overview,2020-08-13,1009,129,1129,,
K02000001,United Kingdom,overview,2020-08-12,1005,101,1009,,
K02000001,United Kingdom,overview,2020-08-11,1040,114,1148,,
K02000001,United Kingdom,overview,2020-08-10,1088,86,740,,
K02000001,United Kingdom,overview,2020-08-09,984,106,1062,,
K02000001,United Kingdom,overview,2020-08-08,1028,140,758,,
K02000001,United Kingdom,overview,2020-08-07,1095,117,871,,
K02000001,United Kingdom,overview,2020-08-06,1156,100,950,,
K02000001,United Kingdom,overview,2020-08-05,1201,138,892,,
K02000001,United Kingdom,overview,2020-08-04,1217,125,670,,
K02000001,United Kingdom,overview,2020-08-03,1252,109,898,,
K02000001,United Kingdom,overview,2020-08-02,1255,93,744,,
K02000001,United Kingdom,overview,2020-08-01,1291,128,761,,
K02000001,United Kingdom,overview,2020-07-31,1267,114,880,,
K02000001,United Kingdom,overview,2020-07-30,1315,132,846,,
K02000001,United Kingdom,overview,2020-07-29,1351,131,763,,
K02000001,United Kingdom,overview,2020-07-28,1370,119,581,,
K02000001,United Kingdom,overview,2020-07-27,1371,129,685,,
K02000001,United Kingdom,overview,2020-07-26,1384,109,745,,
K02000001,United Kingdom,overview,2020-07-25,1402,120,767,,
K02000001,United Kingdom,overview,2020-07-24,1454,159,768,,
K02000001,United Kingdom,overview,2020-07-23,1539,198,769,,
K02000001,United Kingdom,overview,2020-07-22,1748,158,560,,
K02000001,United Kingdom,overview,2020-07-21,1635,125,445,,
K02000001,United Kingdom,overview,2020-07-20,1735,130,557,,
K02000001,United Kingdom,overview,2020-07-19,1743,126,726,,
K02000001,United Kingdom,overview,2020-07-18,1777,105,827,,
K02000001,United Kingdom,overview,2020-07-17,1805,143,687,,
K02000001,United Kingdom,overview,2020-07-16,1830,166,642,,
K02000001,United Kingdom,overview,2020-07-15,1975,168,538,,
K02000001,United Kingdom,overview,2020-07-14,1994,186,398,,
K02000001,United Kingdom,overview,2020-07-13,2114,189,530,,
K02000001,United Kingdom,overview,2020-07-12,2102,114,650,,
K02000001,United Kingdom,overview,2020-07-11,2120,177,820,,
K02000001,United Kingdom,overview,2020-07-10,2245,175,512,,
K02000001,United Kingdom,overview,2020-07-09,2346,214,642,,
K02000001,United Kingdom,overview,2020-07-08,2455,207,630,,
K02000001,United Kingdom,overview,2020-07-07,2599,215,581,,
K02000001,United Kingdom,overview,2020-07-06,2700,203,343,,
K02000001,United Kingdom,overview,2020-07-05,2742,195,516,,
K02000001,United Kingdom,overview,2020-07-04,2803,202,624,,
K02000001,United Kingdom,overview,2020-07-03,2943,214,544,,
K02000001,United Kingdom,overview,2020-07-02,3080,216,576,,
K02000001,United Kingdom,overview,2020-07-01,3199,270,829,,
K02000001,United Kingdom,overview,2020-06-30,3384,296,689,,
K02000001,United Kingdom,overview,2020-06-29,3749,219,815,,
K02000001,United Kingdom,overview,2020-06-28,3558,208,901,,
K02000001,United Kingdom,overview,2020-06-27,3545,286,890,,
K02000001,United Kingdom,overview,2020-06-26,3621,338,1006,,
K02000001,United Kingdom,overview,2020-06-25,3851,324,1118,,
K02000001,United Kingdom,overview,2020-06-24,4031,367,653,,
K02000001,United Kingdom,overview,2020-06-23,4135,362,874,,
K02000001,United Kingdom,overview,2020-06-22,4282,392,958,,
K02000001,United Kingdom,overview,2020-06-21,4223,288,1221,,
K02000001,United Kingdom,overview,2020-06-20,4253,258,1295,,
K02000001,United Kingdom,overview,2020-06-19,4414,336,1346,,
K02000001,United Kingdom,overview,2020-06-18,4560,402,1218,,
K02000001,United Kingdom,overview,2020-06-17,4719,431,1115,,
K02000001,United Kingdom,overview,2020-06-16,4863,455,1279,,
K02000001,United Kingdom,overview,2020-06-15,4870,439,1056,,
K02000001,United Kingdom,overview,2020-06-14,4908,364,1514,,
K02000001,United Kingdom,overview,2020-06-13,4941,385,1425,,
K02000001,United Kingdom,overview,2020-06-12,5090,393,1541,,
K02000001,United Kingdom,overview,2020-06-11,5179,446,1266,,
K02000001,United Kingdom,overview,2020-06-10,5475,511,1003,,
K02000001,United Kingdom,overview,2020-06-09,5736,491,1387,,
K02000001,United Kingdom,overview,2020-06-08,5931,412,1205,,
K02000001,United Kingdom,overview,2020-06-07,5944,406,1326,,
K02000001,United Kingdom,overview,2020-06-06,6149,407,1557,,
K02000001,United Kingdom,overview,2020-06-05,6379,475,1650,,
K02000001,United Kingdom,overview,2020-06-04,6580,564,1805,,
K02000001,United Kingdom,overview,2020-06-03,6815,632,1871,,
K02000001,United Kingdom,overview,2020-06-02,7087,668,1613,,
K02000001,United Kingdom,overview,2020-06-01,7248,605,1570,,
K02000001,United Kingdom,overview,2020-05-31,7238,528,1936,,
K02000001,United Kingdom,overview,2020-05-30,7268,568,2445,,
K02000001,United Kingdom,overview,2020-05-29,7586,614,2095,,
K02000001,United Kingdom,overview,2020-05-28,7907,702,1887,,
K02000001,United Kingdom,overview,2020-05-27,8220,712,2013,,
K02000001,United Kingdom,overview,2020-05-26,8732,698,2004,,
K02000001,United Kingdom,overview,2020-05-25,8836,602,1625,,
K02000001,United Kingdom,overview,2020-05-24,8814,587,2409,,
K02000001,United Kingdom,overview,2020-05-23,8814,643,2959,,
K02000001,United Kingdom,overview,2020-05-22,9184,740,3287,,
K02000001,United Kingdom,overview,2020-05-21,9293,841,2615,,
K02000001,United Kingdom,overview,2020-05-20,9563,850,2472,,
K02000001,United Kingdom,overview,2020-05-19,10013,880,2412,,
K02000001,United Kingdom,overview,2020-05-18,10231,848,2684,,
K02000001,United Kingdom,overview,2020-05-17,10199,792,3562,,
K02000001,United Kingdom,overview,2020-05-16,10238,813,3451,,
K02000001,United Kingdom,overview,2020-05-15,10691,868,3560,,
K02000001,United Kingdom,overview,2020-05-14,10921,908,3446,,
K02000001,United Kingdom,overview,2020-05-13,11342,966,3242,,
K02000001,United Kingdom,overview,2020-05-12,11591,983,3403,,
K02000001,United Kingdom,overview,2020-05-11,11967,1029,3877,,
K02000001,United Kingdom,overview,2020-05-10,11727,915,3923,,
K02000001,United Kingdom,overview,2020-05-09,12015,944,3896,,
K02000001,United Kingdom,overview,2020-05-08,12053,909,4649,,
K02000001,United Kingdom,overview,2020-05-07,12626,1166,5614,,
K02000001,United Kingdom,overview,2020-05-06,13148,1204,6111,,
K02000001,United Kingdom,overview,2020-05-05,13723,1146,4406,,
K02000001,United Kingdom,overview,2020-05-04,14097,1249,3985,,
K02000001,United Kingdom,overview,2020-05-03,14188,1188,4339,,
K02000001,United Kingdom,overview,2020-05-02,14380,1180,4806,,
K02000001,United Kingdom,overview,2020-05-01,14723,1262,6201,,
K02000001,United Kingdom,overview,2020-04-30,15164,1442,6032,,
K02000001,United Kingdom,overview,2020-04-29,15521,1487,4076,,
K02000001,United Kingdom,overview,2020-04-28,15877,1518,3996,,
K02000001,United Kingdom,overview,2020-04-27,16662,1536,4310,,
K02000001,United Kingdom,overview,2020-04-26,16555,1355,4463,,
K02000001,United Kingdom,overview,2020-04-25,16604,1253,4913,,
K02000001,United Kingdom,overview,2020-04-24,17063,1525,5386,,
K02000001,United Kingdom,overview,2020-04-23,17867,1512,4583,,
K02000001,United Kingdom,overview,2020-04-22,18533,1530,4451,,
K02000001,United Kingdom,overview,2020-04-21,19139,1712,4301,,
K02000001,United Kingdom,overview,2020-04-20,19331,1736,4676,,
K02000001,United Kingdom,overview,2020-04-19,19574,1657,5850,,
K02000001,United Kingdom,overview,2020-04-18,19456,1630,5526,,
K02000001,United Kingdom,overview,2020-04-17,19330,1966,5599,,
K02000001,United Kingdom,overview,2020-04-16,20389,2011,4618,,
K02000001,United Kingdom,overview,2020-04-15,20582,1880,4605,,
K02000001,United Kingdom,overview,2020-04-14,21281,2088,5252,,
K02000001,United Kingdom,overview,2020-04-13,21308,2162,4342,,
K02000001,United Kingdom,overview,2020-04-12,21687,2066,5288,,
K02000001,United Kingdom,overview,2020-04-11,21254,2163,5234,,
K02000001,United Kingdom,overview,2020-04-10,21280,2461,5706,,
K02000001,United Kingdom,overview,2020-04-09,21005,2631,4675,,
K02000001,United Kingdom,overview,2020-04-08,20740,2966,5865,,
K02000001,United Kingdom,overview,2020-04-07,20234,3150,3888,,
K02000001,United Kingdom,overview,2020-04-06,19493,3047,4143,,
K02000001,United Kingdom,overview,2020-04-05,18855,2913,6199,,
K02000001,United Kingdom,overview,2020-04-04,17502,2922,4000,,
K02000001,United Kingdom,overview,2020-04-03,15546,2932,4672,,
K02000001,United Kingdom,overview,2020-04-02,13875,3284,4522,,
K02000001,United Kingdom,overview,2020-04-01,13637,3564,4567,,
K02000001,United Kingdom,overview,2020-03-31,12597,2833,3250,,
K02000001,United Kingdom,overview,2020-03-30,11093,3189,2665,,
K02000001,United Kingdom,overview,2020-03-29,9525,2492,2502,,
K02000001,United Kingdom,overview,2020-03-28,8278,2196,2556,,
K02000001,United Kingdom,overview,2020-03-27,7267,2229,2890,,
K02000001,United Kingdom,overview,2020-03-26,,1931,2129,,
K02000001,United Kingdom,overview,2020-03-25,,2087,1452,,
K02000001,United Kingdom,overview,2020-03-24,,1718,1427,,
K02000001,United Kingdom,overview,2020-03-23,,1273,967,,
K02000001,United Kingdom,overview,2020-03-22,,,665,,
K02000001,United Kingdom,overview,2020-03-21,,,1035,,
K02000001,United Kingdom,overview,2020-03-20,,,714,,
K02000001,United Kingdom,overview,2020-03-19,,,643,,
K02000001,United Kingdom,overview,2020-03-18,,,676,,
K02000001,United Kingdom,overview,2020-03-17,,,407,,
K02000001,United Kingdom,overview,2020-03-16,,,152,,
K02000001,United Kingdom,overview,2020-03-15,,,330,,
K02000001,United Kingdom,overview,2020-03-14,,,264,,
K02000001,United Kingdom,overview,2020-03-13,,,207,,
K02000001,United Kingdom,overview,2020-03-12,,,134,,
K02000001,United Kingdom,overview,2020-03-11,,,83,,
K02000001,United Kingdom,overview,2020-03-10,,,52,,
K02000001,United Kingdom,overview,2020-03-09,,,50,,
K02000001,United Kingdom,overview,2020-03-08,,,65,,
K02000001,United Kingdom,overview,2020-03-07,,,46,,
K02000001,United Kingdom,overview,2020-03-06,,,46,,
K02000001,United Kingdom,overview,2020-03-05,,,29,,
K02000001,United Kingdom,overview,2020-03-04,,,34,,
K02000001,United Kingdom,overview,2020-03-03,,,11,,
K02000001,United Kingdom,overview,2020-03-02,,,5,,
K02000001,United Kingdom,overview,2020-03-01,,,12,,
K02000001,United Kingdom,overview,2020-02-29,,,4,,
K02000001,United Kingdom,overview,2020-02-28,,,6,,
K02000001,United Kingdom,overview,2020-02-27,,,0,,
K02000001,United Kingdom,overview,2020-02-26,,,0,,
K02000001,United Kingdom,overview,2020-02-25,,,0,,
K02000001,United Kingdom,overview,2020-02-24,,,4,,
K02000001,United Kingdom,overview,2020-02-23,,,0,,
K02000001,United Kingdom,overview,2020-02-22,,,0,,
K02000001,United Kingdom,overview,2020-02-21,,,0,,
K02000001,United Kingdom,overview,2020-02-20,,,0,,
K02000001,United Kingdom,overview,2020-02-19,,,0,,
K02000001,United Kingdom,overview,2020-02-18,,,0,,
K02000001,United Kingdom,overview,2020-02-17,,,0,,
K02000001,United Kingdom,overview,2020-02-16,,,0,,
K02000001,United Kingdom,overview,2020-02-15,,,0,,
K02000001,United Kingdom,overview,2020-02-14,,,0,,
K02000001,United Kingdom,overview,2020-02-13,,,1,,
K02000001,United Kingdom,overview,2020-02-12,,,0,,
K02000001,United Kingdom,overview,2020-02-11,,,0,,
K02000001,United Kingdom,overview,2020-02-10,,,4,,
K02000001,United Kingdom,overview,2020-02-09,,,1,,
K02000001,United Kingdom,overview,2020-02-08,,,0,,
K02000001,United Kingdom,overview,2020-02-07,,,0,,
K02000001,United Kingdom,overview,2020-02-06,,,1,,
K02000001,United Kingdom,overview,2020-02-05,,,0,,
K02000001,United Kingdom,overview,2020-02-04,,,0,,
K02000001,United Kingdom,overview,2020-02-03,,,0,,
K02000001,United Kingdom,overview,2020-02-02,,,0,,
K02000001,United Kingdom,overview,2020-02-01,,,0,,
K02000001,United Kingdom,overview,2020-01-31,,,2,,
